author,account_category,followers
TEN_GOP,RightTroll,145244
JENN_ABRAMS,RightTroll,71022
PAMELA_MOORE13,RightTroll,70734
TODAYNYCITY,NewsFeed,62088
ELEVEN_GOP,RightTroll,59100
CRYSTAL1JOHNSON,LeftTroll,56725
WOKELUISA,LeftTroll,55467
SOUTHLONESTAR,RightTroll,53782
USA_GUNSLINGER,RightTroll,43895
THEFOUNDINGSON,RightTroll,42000
BLACKNEWSOUTLET,LeftTroll,40788
TODAYINSYRIA,NewsFeed,33188
KANIJJACKSON,LeftTroll,33178
WASHINGTONLINE,NewsFeed,32191
PIGEONTODAY,RightTroll,30486
BLACKTOLIVE,LeftTroll,29469
NEWORLEANSON,NewsFeed,28785
WARFAREWW,NewsFeed,26740
KANSASDAILYNEWS,NewsFeed,25871
DANAGEEZUS,HashtagGamer,24663
ANDYHASHTAGGER,HashtagGamer,23890
SANANTOTOPNEWS,NewsFeed,22250
DALLASTOPNEWS,NewsFeed,22205
TPARTYNEWS,RightTroll,22009
CHRIXMORGAN,HashtagGamer,21760
CHICAGODAILYNEW,NewsFeed,21712
TRAYNESHACOLE,LeftTroll,20824
TODAYPITTSBURGH,NewsFeed,20608
DAILYLOSANGELES,NewsFeed,20449
DAILYSANFRAN,NewsFeed,20306
TODAYMIAMI,NewsFeed,20268
DETROITDAILYNEW,NewsFeed,20171
HOUSTONTOPNEWS,NewsFeed,19959
SEATTLE_POST,NewsFeed,19849
REALTEN_GOP,RightTroll,19754
ONLINEMEMPHIS,NewsFeed,19424
BLACKMATTERSUS,LeftTroll,18961
ATLANTA_ONLINE,NewsFeed,18927
DAILYSANDIEGO,NewsFeed,18375
ELPASOTOPNEWS,NewsFeed,18019
BLEEPTHEPOLICE,LeftTroll,17921
POLITWEECS,RightTroll,17515
TODAYCINCINNATI,NewsFeed,17455
ONLINECLEVELAND,NewsFeed,17156
PHILADELPHIAON,NewsFeed,16939
DAILYSANJOSE,NewsFeed,16840
TODAYBOSTONMA,NewsFeed,16035
JEMISHAAAZZZ,LeftTroll,15755
MATEVIDENCE,NewsFeed,15565
PHOENIXDAILYNEW,NewsFeed,15410
TODAYCLEVELAND,NewsFeed,14187
DAILYSANJOSE,NewsFeed,13819
SCREAMYMONKEY,NewsFeed,13295
OAKLANDONLINE,NewsFeed,13016
PATRIOTOTUS,RightTroll,13014
ROOMOFRUMOR,NewsFeed,12337
MINNEAPOLISON,NewsFeed,12296
POLIT_OBSERVER,NewsFeed,12098
SPECIALAFFAIR,NewsFeed,12023
NATPOLNEWS,RightTroll,11700
WORLDOFHASHTAGS,HashtagGamer,10893
PAMELAKEALER13,RightTroll,10811
10_GOP,RightTroll,10465
REDLANEWS,RightTroll,10228
SOUTHLONESTAR2,RightTroll,9390
STLOUISONLINE,NewsFeed,9302
RIGHTNPR,RightTroll,9298
LACHRISTIE,RightTroll,8939
JEBLARY2016,RightTroll,8855
LORAGREEEN,HashtagGamer,8079
PATRIOT_ARCHIVE,RightTroll,7724
AMANDAVGREEN,HashtagGamer,7402
BALTIMORE0NLINE,NewsFeed,7293
KATHIEMRR,HashtagGamer,6849
TEBEPIZDEC,Unknown,6343
DICKYIRWIN,HashtagGamer,5906
MISSOURINEWSUS,RightTroll,5872
NEWSPEAKDAILY,NewsFeed,5866
MARCH_FOR_TRUMP,RightTroll,5806
ITSTIMETOSECEDE,RightTroll,5720
JIHADIST2NDWIFE,RightTroll,5649
JOHNCOPPER16,RightTroll,5638
ILIKEBIGBUTTAND,HashtagGamer,5627
NOTRITAHART,HashtagGamer,5574
DOMINICVALENT,HashtagGamer,5453
BOOTH_PRINCE,HashtagGamer,5444
CASCASEYP,HashtagGamer,5424
CLAUDIA42KERN,HashtagGamer,5352
PRIBYSHIN,Unknown,5246
TRACEYHAPPYMOM,HashtagGamer,5168
MELVINSROBERTS,HashtagGamer,5152
BGARNER2107,HashtagGamer,5082
BABYJANNYMEOW,HashtagGamer,5062
INSTOTUS,RightTroll,4939
CASSIEWELTCH,HashtagGamer,4934
QUEENOFTHEWO,HashtagGamer,4888
4MYSQUAD,LeftTroll,4811
BLACKEYEBLOG,LeftTroll,4768
JMSCOXXX,HashtagGamer,4755
GAB1ALDANA,HashtagGamer,4751
MR_CLAMPIN,HashtagGamer,4741
DONTSHOOTCOM,LeftTroll,4739
ANNIEPOSHES,HashtagGamer,4680
PUREDAVIE,HashtagGamer,4679
HELLIEEDWARDS,HashtagGamer,4552
DONNIELMILLER,HashtagGamer,4542
ADRIENNE_GG,HashtagGamer,4530
ELIANLINDSEY,HashtagGamer,4474
CURTISBIGMAN,HashtagGamer,4441
KENCANNONE,HashtagGamer,4402
MEGGIEONEIL,HashtagGamer,4389
FORCEOFLIBERTY,RightTroll,4286
NEWARKVOICE,NewsFeed,4205
ERICARUTTER,HashtagGamer,4204
GUNS4LIFE_ME,RightTroll,4090
CHRIXCHASE,HashtagGamer,4066
BRIGHTANDGLORY,HashtagGamer,4006
LYNDAWKING,HashtagGamer,3961
JASPER_FLY,HashtagGamer,3926
CALEBPAAR,HashtagGamer,3910
JEANETTEDBOLDEN,HashtagGamer,3875
BLACKTIVISTS,LeftTroll,3860
WORLDNEWSPOLI,RightTroll,3855
BRUCIEDUBLIN,HashtagGamer,3840
FAMEONYOUBITCH,HashtagGamer,3772
DAILEYJADON,HashtagGamer,3753
AIDEN7757,HashtagGamer,3746
DEBESSTRS,RightTroll,3713
MILWAUKEEVOICE,NewsFeed,3626
ANDYDREWDANIELS,HashtagGamer,3621
HIPPPO_,HashtagGamer,3561
DANNYTHEHAPPIES,HashtagGamer,3468
CAMDENCITYNEWS,NewsFeed,3397
LUGHHALLEY,HashtagGamer,3383
CAADEENRRS,RightTroll,3287
JEANNEMCCARTHY0,RightTroll,3276
MICHELLEARRY,RightTroll,3267
BATONROUGEVOICE,NewsFeed,3171
HEYHEYHAILEY,HashtagGamer,3170
LAGONEHOE,LeftTroll,3091
TESSYELMORE,LeftTroll,3071
NJ_BLACKNEWS,LeftTroll,3008
GAB1ALDANA,HashtagGamer,3007
POLIGRAPHME,Unknown,2963
CHARLESJHARPER,HashtagGamer,2936
INST_VETS,RightTroll,2931
KAYDENMELTON,LeftTroll,2921
CASSANDRDR,RightTroll,2902
CANNONSHER,LeftTroll,2874
ABIGAILSSILK,HashtagGamer,2863
AMELIEBALDWIN,RightTroll,2860
HUNTERODDDDOM,LeftTroll,2856
CHESTERCITYNEWS,NewsFeed,2844
RICHMONDVOICE,NewsFeed,2826
YOUJUSTCTRLC,LeftTroll,2769
EVANNGHARTR,RightTroll,2759
ELLASTRS,RightTroll,2740
EVAGREEN69,RightTroll,2731
YOUJUSTCTRLC,LeftTroll,2727
MUSLIMS_IN_USA,LeftTroll,2727
RESISTERSUNION,LeftTroll,2724
DEUSXYX,RightTroll,2708
CATELINEWATKINS,HashtagGamer,2699
CAMELIISRT,RightTroll,2690
TESS_SNIDER,HashtagGamer,2685
JACKSONCITYPOST,NewsFeed,2650
COVFEFENATIONUS,RightTroll,2646
CHIRRISMOGUI,RightTroll,2645
CARIISNCISTR,RightTroll,2635
ARCHIEOLIVERS,RightTroll,2629
LAZYKSTAFFORD,RightTroll,2618
CAMOSASEKO,LeftTroll,2615
LGBTUNITEDCOM,LeftTroll,2595
TONEPORTER,HashtagGamer,2587
HOLYCRAPCHRIX,HashtagGamer,2585
STANLEY_COX_,RightTroll,2583
BLACNEIGHBOR,LeftTroll,2569
JARRARDNORMAN,HashtagGamer,2543
LYNSRODRIGUEZ,HashtagGamer,2483
TRYTOFINDITOUT,HashtagGamer,2457
PRICEFORPIERCE,RightTroll,2413
CARRIETHORNTHON,RightTroll,2388
SADIEEATONN,LeftTroll,2382
CAMEERICLAAR,RightTroll,2376
OLIVIADWARREN,LeftTroll,2376
CAARMBUTL,RightTroll,2349
HYDDROX,RightTroll,2283
ROBERTHUGHESS,LeftTroll,2261
BEEBCLAPTT,RightTroll,2203
PAOLAKINCK,RightTroll,2203
PAMELA_SHARKY13,RightTroll,2195
PATRIOTBLAKE,RightTroll,2190
WILLIAMS8KALVIN,LeftTroll,2189
CHEELSYJOTRS,RightTroll,2177
JANSKEESTR,RightTroll,2171
JACQUELINISBEST,RightTroll,2166
CANDISMBRR,RightTroll,2161
CASSISHERE,RightTroll,2158
CANDEYCHANEY,HashtagGamer,2155
REALROBERT1987,RightTroll,2115
LEROYLOVESUSA,RightTroll,2098
WILLIAMS_DIANA_,RightTroll,2097
EMILEEWAREN,RightTroll,2097
CADDEETRS,RightTroll,2074
CHARMEESTRS,RightTroll,2073
JUSMASXTRT,RightTroll,2036
MIL0BLAKE,RightTroll,2020
RH0LBR00K,RightTroll,2020
FIGHTTORESIST,LeftTroll,2009
DOROTHIEBELL,RightTroll,1989
HOLLYDLER,RightTroll,1949
LILAASTRS,RightTroll,1915
SKWAD55_LABEL,LeftTroll,1906
PRETTYLARAPLACE,RightTroll,1886
RYANMAXWELL_1,RightTroll,1886
LUCYTRUMPTTOP56,RightTroll,1865
ANIIANTRS,RightTroll,1857
MARISSAIMSTRONG,RightTroll,1852
DANISSTRS,RightTroll,1839
ELINSSTR,RightTroll,1838
JUDELAMBERTUSA,RightTroll,1833
HAPPKENDRAHAPPY,RightTroll,1829
BRRISTASI,RightTroll,1767
CECIIISTATS,RightTroll,1764
CHIRRMORRE,RightTroll,1749
DONNABRIVERA,RightTroll,1742
DEVINEDEVINBR,RightTroll,1733
GARRETTSIMPSON_,RightTroll,1730
KELVIN_CHAMBERS,RightTroll,1718
ACAB_ZONE,LeftTroll,1716
JEFFREYKAHUNAS,RightTroll,1706
LUCASSTARBRAND,HashtagGamer,1704
BRIIGEVASTR,RightTroll,1683
INTERFISCHER,RightTroll,1678
BROSELIFOTR,RightTroll,1674
WESTERNWINDWES,RightTroll,1669
NEWYORKDEM,LeftTroll,1669
COOKNCOOKS,RightTroll,1663
_NICKLUNA_,RightTroll,1660
MARISSPRT,RightTroll,1650
KATERITTERRRR,RightTroll,1607
CELLESTINS,RightTroll,1568
FINLEY1589,RightTroll,1559
ARAGARTRR,RightTroll,1550
MARRISSATRR,RightTroll,1547
ALDRICH420,RightTroll,1541
CHARRISSTR,RightTroll,1538
CHAASNTR,RightTroll,1534
WADEHARRIOT,RightTroll,1515
POLICESTATEME,LeftTroll,1513
CELLSSTITR,RightTroll,1508
CHESPLAYSCHESS,RightTroll,1490
HEYITS_TOBY,RightTroll,1458
DALTONWOOD14,HashtagGamer,1450
PATRIOTRAPHAEL,RightTroll,1416
JESSIE_JESSIE_C,Unknown,1388
KARENPARKER93,RightTroll,1384
AFEELIUTR,RightTroll,1379
EMMAJACKT,RightTroll,1371
GLOBALFOE,LeftTroll,1351
NOMO_TUNES,Unknown,1345
EMELDDTRS,RightTroll,1335
KAHALEETR,RightTroll,1322
CHICAGOBL,LeftTroll,1313
BARBARAFORTRUMP,RightTroll,1297
LAWWAANCTR,RightTroll,1283
AMCONVOICE,RightTroll,1283
PATI_COOPER,RightTroll,1265
CLAARISRTR,RightTroll,1259
BRANDNEWJENNA,HashtagGamer,1247
MARIALOPTRUMP,RightTroll,1231
CALIFRONIAREP,LeftTroll,1231
IMOGEENTR,RightTroll,1207
CATTSADSTR,RightTroll,1201
LUZMARTRUMPPT,RightTroll,1189
DARCYYSTR,RightTroll,1178
VA_BLACKNEWS,LeftTroll,1161
GALLOWAYELIANA,LeftTroll,1158
ARABMTR,RightTroll,1155
IIDDAAMARKS,LeftTroll,1149
ALBERTMORENMORE,RightTroll,1148
DAILYNEWSDENVER,NewsFeed,1145
ISRAEL_WILLS,RightTroll,1120
BAOBAEHAM,LeftTroll,1120
JADONHUTCHINSON,LeftTroll,1119
GWENNYTHOT,LeftTroll,1109
JANELPERKINSON,LeftTroll,1105
JUSTICE_4_JAMAR,LeftTroll,1101
DAPNESSTR,RightTroll,1100
ANDIOSMARRTRUMP,RightTroll,1094
QUEENNARIELLE,LeftTroll,1093
LIRASTERTTRUMP,RightTroll,1089
LAURABAELEY,RightTroll,1087
AANTIRACIST,LeftTroll,1074
VEROSANRRT,RightTroll,1065
SUSAYUNG,LeftTroll,1061
BRISSTOFLR,RightTroll,1054
BEEATRWL,RightTroll,1048
JEANUTTELLA,LeftTroll,1043
THELMMISB,RightTroll,1034
PAMBLMDANIELS,LeftTroll,1020
CARLLTHERITR,RightTroll,1006
MAYMAYMYY,LeftTroll,999
MAYLUUSSTR,RightTroll,996
FINNAGLO,LeftTroll,989
MELANYMELANIN,LeftTroll,981
ADAMCHAPMANJR,LeftTroll,974
CLAYPAIGEBOO,LeftTroll,969
CLIFTONHUGHES_,LeftTroll,961
IMASWERVE,LeftTroll,959
JANI_S_JAC,LeftTroll,955
SICCERTHANYOU,LeftTroll,954
JOHNIEVOGUE,LeftTroll,954
DATWISENIGGA,LeftTroll,945
JAYDAASTONISHIN,LeftTroll,943
ZZZACHARYZZZ,LeftTroll,939
JOHNBRANCHH,LeftTroll,938
MRCLYDEPRATT,LeftTroll,938
ACEJINEV,LeftTroll,928
ALECMOOOOODY,LeftTroll,926
JOHAAJOTS,RightTroll,925
HIIMKHLOE,LeftTroll,920
RISSTYTRT,RightTroll,919
PAULINETT,LeftTroll,917
SAMIRGOODEN,LeftTroll,917
DUTISITE,RightTroll,915
MRMORAAN,LeftTroll,914
T0NYASINCLAIR,HashtagGamer,911
WOKEFROMDAY1,LeftTroll,907
RAMONASNAILS,LeftTroll,903
ABIISSROSB,RightTroll,902
BLACK_ELEVATION,LeftTroll,900
BRIANTHELIFTER,LeftTroll,899
RANDOLPHBURRR,LeftTroll,892
RAPEDBYCOSBY,HashtagGamer,890
IVAASSNTR,RightTroll,889
WATCHMEWALKIN,LeftTroll,888
RLOVENOSAUSE,RightTroll,888
DAMANIMILES,LeftTroll,885
JAVONHIDP,LeftTroll,880
ILOVESARAHRICH,LeftTroll,877
BRIGHTNOOM,RightTroll,877
DEBORRTH,RightTroll,876
DRMICHAELGARCIA,LeftTroll,874
ERRIVVVVERS,LeftTroll,868
REGIEBLACKMON,LeftTroll,866
IMAPHARRELFAKE,LeftTroll,862
EXQUOTE,Commercial,858
STANLEYPARRIS,LeftTroll,858
BRICEGELLER,LeftTroll,854
JERY_ROBERTSYO,LeftTroll,848
ELIASBRICK,LeftTroll,846
MALLORYJARED,LeftTroll,845
HANDSOME_HENSON,RightTroll,840
TRAVISRESPEK,LeftTroll,838
ADRGREERR,LeftTroll,833
OGDEANDRE,LeftTroll,831
IMISSOBAMA,LeftTroll,828
RAVENICHOLSON,LeftTroll,827
CHADSLOYER,LeftTroll,819
BRIANAREGLAND,LeftTroll,817
NOJONATHONNO,LeftTroll,816
JOHNNYMARCH_,LeftTroll,816
COOKIIIEEESSSS,LeftTroll,814
JACKKRASSEN,LeftTroll,814
BIGSEANBEAST,LeftTroll,809
NOTBALLINYET,LeftTroll,808
BRENTMCCLURE275,LeftTroll,807
CHARLESRESPECK,LeftTroll,804
NEHEMIAHX,LeftTroll,800
RIOGITHIEF,RightTroll,798
PEYTONCASHOUT,LeftTroll,797
ALYSSABEDOLLA,HashtagGamer,794
CELIISSGONS,RightTroll,790
CORNELLBURCHET,LeftTroll,789
JASSSCOTT,LeftTroll,786
WAYNE_DRAKE_,RightTroll,786
BRIANWARNING,RightTroll,785
JOHNIEBOYCOOKS,LeftTroll,784
WILLISBONNERR,LeftTroll,781
KENZDONOVAN,RightTroll,778
ROBERTEBONYKING,LeftTroll,775
C__WELLS,RightTroll,775
LILJORDAMN,LeftTroll,775
BIGBOYJASIAH,LeftTroll,774
YAELTROUBLE,HashtagGamer,768
ANTONHAYHAY,LeftTroll,763
JAMIE_MCCARTHY_,RightTroll,758
SINCEREPRUITT,LeftTroll,754
IGNITEDFIRESTAR,RightTroll,750
CORYNAENAE,LeftTroll,746
ALBUQUERQUEON,NewsFeed,745
JERSTONER,LeftTroll,739
CYNTHIAMHUNTER,RightTroll,736
EVEWEBSTER373,RightTroll,732
BLMSOLDIER,LeftTroll,732
THETRAINGUY13,RightTroll,728
EDWARDBROBERTS,RightTroll,722
BLMSOLDIER,LeftTroll,719
ILANPRICEUSA,Unknown,713
CLYDEDAWS0N,RightTroll,708
ONEMIGHTYFISH,LeftTroll,707
ROSIEONFLEEK,LeftTroll,701
MARTINIVINE,RightTroll,701
FIGHTM_D_B,LeftTroll,692
ELIZEESTR,RightTroll,680
ALIISTRR,RightTroll,677
BIGBOYSNEED,LeftTroll,674
DINGDONPARKER,RightTroll,667
JOTEFOKIS,RightTroll,656
PORTMELA,RightTroll,646
LORETTAPJ3,HashtagGamer,639
ARMEDFREJYA,RightTroll,639
HASHTAGMEMOM,HashtagGamer,636
J0HNLARSEN,RightTroll,634
LELANDGRAVES_,RightTroll,617
BLACKYCLEVELAND,LeftTroll,615
FUNAT1C,HashtagGamer,614
AMERICANALBERT,RightTroll,608
JAREDNOTLETO,HashtagGamer,607
MANDY9STEVENS,RightTroll,604
AGNESGRHM,HashtagGamer,603
JUANTHOMSSTRUMT,RightTroll,599
XDWILLIE,RightTroll,597
MRJACKSJACKSON,RightTroll,594
MSHEATHOWENS,RightTroll,593
OSCAR_ROWE_,RightTroll,588
HERNAMEISCUTIE,HashtagGamer,587
ASHLEYSIMPSN,HashtagGamer,587
HOLLANDPATRICKK,RightTroll,581
AMBERLINETR,RightTroll,580
EDMUNDRJR,LeftTroll,574
DIAB0LO,HashtagGamer,572
DAVBOYD_,RightTroll,569
KRISTYANANN,HashtagGamer,555
JOHNNYBLACK91,HashtagGamer,555
JSNCAREY,RightTroll,549
SRAHSE,HashtagGamer,549
JORDANSHELTONW,HashtagGamer,549
JESSYBOWWOW,LeftTroll,547
BLACKTIVISTSUS,LeftTroll,546
EURYNMCCOLLEY,HashtagGamer,543
RYMANMURPHY,HashtagGamer,539
LACHLAN_FARLEY,HashtagGamer,539
SCTTCRSN,LeftTroll,536
ANTIEHARMON,HashtagGamer,534
SOPHIEKOLE,HashtagGamer,534
_BILLY_MOYER_,RightTroll,533
ROCKINMAFAME,HashtagGamer,531
ORRCLAY,RightTroll,529
TARAFORMATION,LeftTroll,528
NANAJDAWSON,HashtagGamer,528
LEXXX_TH,HashtagGamer,528
ELLISHARM0N,HashtagGamer,524
ADKEZLATE,HashtagGamer,523
AFUCKINSIDE,HashtagGamer,522
JENNYHUTCH31,HashtagGamer,521
HELEN1HELEN1,HashtagGamer,520
BOBSDYER,HashtagGamer,518
DANBR00KS,HashtagGamer,518
FUNDDIET,Commercial,515
REACHITDOIT,RightTroll,509
ROYPRESTON1ST,HashtagGamer,508
ARONHOLDEN8,HashtagGamer,505
RICHRIC_RICHARD,HashtagGamer,501
CYRUSWORLEY,HashtagGamer,500
ADRIASNSS,RightTroll,499
LGBTUNI,LeftTroll,490
SAYHERNAME16,LeftTroll,485
STAYWOKE88,LeftTroll,484
COLINSNEVERLAND,RightTroll,482
JRRBRTT,RightTroll,478
IANCALH0UN,LeftTroll,466
STAYWOKE88,LeftTroll,465
THEMANMACHINE17,RightTroll,431
GIBBS_JEREMY_,RightTroll,405
HOLDMEJERRY,LeftTroll,403
ADNNELSTR,RightTroll,402
FINDDIET,Commercial,401
ROSCOE_RIDDLE,RightTroll,394
GODH8SBIGOTS,LeftTroll,394
GLENNHARPER_,RightTroll,369
ARIAANST,RightTroll,369
JON_UNDERWOOD_,RightTroll,368
MARKMCGREGORY,RightTroll,359
RALLYCHARLESTON,LeftTroll,358
JENNATRAVELLER,Unknown,351
POL_WARRIOR,RightTroll,338
JUSTICE4JAMAR_,LeftTroll,331
ALWAYSHUNGRYBAE,Unknown,324
DALIKWESHA,LeftTroll,317
KIMBERLEIGHLAMB,HashtagGamer,315
NASIMMALIK993,LeftTroll,314
SAVECOOPER,LeftTroll,314
WEWANTFREEDOMNY,LeftTroll,305
MEGGIEMCKENZIE,HashtagGamer,305
BLACK4UNITY,LeftTroll,305
ALFREDTHREE,RightTroll,303
JUSTICE4TAMIR_,LeftTroll,296
AMYGRABMYESSAY,Commercial,294
ANTONRUMSS,RightTroll,282
NISANURCERAN20,LeftTroll,280
ANAAISLEC,RightTroll,276
STERRSAM,RightTroll,273
LOGAN_WHATSUP,RightTroll,265
ANAALESSIS,RightTroll,264
ARIEENSLPE,RightTroll,263
MONMONICA23,HashtagGamer,259
WILLJOHNYOLO,LeftTroll,255
KALVINNUTZZZ,LeftTroll,254
ROCKTHEMICRO,HashtagGamer,251
WILDHAREE,HashtagGamer,248
ANGEELISTR,RightTroll,245
MICPARRISH,RightTroll,242
ANDRISNABRT,RightTroll,240
ANNIJONSTR,RightTroll,239
COLBYST1,RightTroll,234
AMBERRPAR,RightTroll,234
AMELINAASTR,RightTroll,234
JAEDENMASSEY,LeftTroll,228
OMAR_MANSURI_1,LeftTroll,228
TYPICALMURICA,Unknown,227
MACNEILLTONI,RightTroll,224
FLISSFLOWERS,Unknown,221
MELLYBARTON,RightTroll,217
AFIFYAMIRA1,LeftTroll,215
SUMMERHANDY,Unknown,213
AYLEENSCLAR,RightTroll,211
DANNY_TURNER_1,RightTroll,209
VANNYGREER,Unknown,208
GUILLNAVARRETE,RightTroll,205
MRT_EVRT,RightTroll,203
ANASTASSITR,RightTroll,202
BIZGOD,Commercial,194
ANISILOPE,RightTroll,193
ARM_2_ALAN,RightTroll,191
BARRLAUTRS,RightTroll,190
ANCARICTRS,RightTroll,188
ANISACRRUTR,RightTroll,186
TX_INDEPENDENCE,RightTroll,182
ANGTHEESTR,RightTroll,181
JONACOLLETTE,HashtagGamer,180
ANDRREETRT,RightTroll,173
BR_MC_NEIL,Unknown,172
AMYYSLEGENTR,RightTroll,172
LGBTRALLY,LeftTroll,170
_RUBY_WILLS_,RightTroll,169
AMIISTRS,RightTroll,167
CHRIS_SHARP_II,Unknown,167
BAMMBJOLTR,RightTroll,166
PERCY_RIDDLE,RightTroll,165
RACHDURANT,Unknown,163
WARRENPORT,Unknown,160
KRISTEEN_BROWN,Unknown,159
BLAMEYOURRSELF,HashtagGamer,158
PEEONHILLARY,RightTroll,156
AMIYAHSAMUELS,RightTroll,156
CRYSTAL_JOHNS0N,LeftTroll,154
ALLFORPETERSONS,LeftTroll,153
LINDDDAAAD,RightTroll,150
SAVYHURT,RightTroll,150
BETTIEEVANZ,Unknown,149
RAYEWHALEN,RightTroll,148
JENNINGSL524,Unknown,145
TOURETTESN,Unknown,144
WARRIORS_AZTLAN,LeftTroll,143
JANELOUISMILLER,Unknown,142
SHIELDSCLINT,RightTroll,140
BELINDA_BOURG,Unknown,140
DARRELL_H_HUNT,RightTroll,138
ASHLEEYWES,RightTroll,137
EDMUNDC0OKE,RightTroll,136
AZUUMARSS,RightTroll,136
BLACKTIVISTDAVE,LeftTroll,135
JUSTICE4ALTON,LeftTroll,135
PHILLYOTERO,RightTroll,134
ANDEERLWR,RightTroll,132
BARBIELEWISS,RightTroll,129
ALVA_MC_GHEE,Unknown,126
KATEDEBROOK,RightTroll,125
JAMHARRIS_,RightTroll,124
T0NYACRAWFORD,RightTroll,124
DELVECCHIOJ1,Unknown,123
ANNAMINGT,RightTroll,121
SHAKURUSUF,Unknown,121
BEVERLYBALSOM,Fearmonger,120
CARLOSSAMANOS,RightTroll,120
ARYANNAJ0NES,HashtagGamer,119
J_CL_K,Unknown,119
CALEBROBBNS,RightTroll,119
CAMILEISDAMNHOT,RightTroll,117
AURRLISTR,RightTroll,117
DRGREGORYWEST,RightTroll,116
ANGELOENOUGH,RightTroll,115
EVANNMOSSS,RightTroll,114
MATISQUAREPANTS,Unknown,114
ANTHONYWOODBOY,RightTroll,113
JONATHANDOTNET,LeftTroll,113
VIRGILSSMITH,RightTroll,113
PATRICIADRYS,RightTroll,113
SPENDING_GOV,RightTroll,113
ADAM_MATHISSS,RightTroll,112
RANDALL_COOKE,RightTroll,112
DAUMOA,LeftTroll,111
BERT_HENLEY,Unknown,110
JAWORSKIKATRINA,RightTroll,110
JIMWAZZUP,LeftTroll,110
ACAPARELLA,RightTroll,110
ATIF_SHAIKH_ME,LeftTroll,109
DEBBSFARRELL,RightTroll,108
BEREHAYYTR,RightTroll,108
SECRETREPORTT,RightTroll,107
CECILDUKES,RightTroll,107
JOSEPH_JENKS,RightTroll,106
HUSEINALJABBER,Unknown,105
DESERTQUEENOH,Fearmonger,104
SOLER_MCH,Unknown,103
ZOLLIELEMON,RightTroll,103
KATTYYGEORGE,RightTroll,102
ROSSHELLYEAH,RightTroll,101
EVBOWMAN,RightTroll,100
FRANCLANDEROS,HashtagGamer,100
EDDIEALONZ0,RightTroll,100
JYOTIRDHARREDDY,RightTroll,100
NOTYOURLILLY,Unknown,98
RHODYROLLIN,RightTroll,98
GABIJENSEN91,Fearmonger,96
NICCOLOBRILLA,RightTroll,95
GEPADIKULAXE,Fearmonger,95
BEINGSWARTZ,RightTroll,94
PITTSESTE,RightTroll,94
PROJECTLANDY,Unknown,93
F_HANKARD,Unknown,93
COMEANDGETITAAW,Unknown,93
SINDYBLOSSOM,Unknown,93
DONNIMUSIL,RightTroll,93
KZUNIGA26,Unknown,92
CHEONGMAI,Fearmonger,92
WHOCARES423,RightTroll,92
LOOKATMEZERO,RightTroll,92
ISMAILGAFUR1,Unknown,91
_RONBEN,RightTroll,91
LIZAHASJUST,RightTroll,90
HARRYTHEFATHER,RightTroll,90
RYANNCOOPERWOOD,Fearmonger,90
HARVEYRYAN92,Fearmonger,90
PAMELLAMAYBANK,Unknown,89
PETAROBBIE,RightTroll,88
ALFREDBENBEN,RightTroll,88
HAWORYMYHAK,Fearmonger,88
TAMAFLAN,RightTroll,88
LESSMCPH,RightTroll,88
PENNYSIMM,RightTroll,88
BENJIALYSSA,LeftTroll,87
KIRKSEYSUSANNA,Unknown,87
KARLGOLDEARL,RightTroll,87
YOUKNOWJILLIAN,Unknown,87
CHERRYCHERYLFIN,Unknown,86
RIKASBAR,RightTroll,86
T0NY_0BRIEN,RightTroll,86
JEFFREYRAYMAY,LeftTroll,86
HENY_AMBERH,Fearmonger,85
LESLIE_FAULK,HashtagGamer,85
BACONTONIA,RightTroll,84
ZAKIALQADIR,Unknown,84
CAITLINMILLSYUP,Fearmonger,84
SM_DOWNEY,RightTroll,84
JAYBRND,RightTroll,84
ELISAAGREG,RightTroll,84
ANG__BOWERS,RightTroll,84
DADDILAZARUS,RightTroll,83
SOFIATACKLES,LeftTroll,83
SAMCHATMANNN,Fearmonger,83
MABLE_LANDRY,LeftTroll,83
SEANROY1984,RightTroll,83
WADEBINTOU,LeftTroll,83
MRMUSTACHEE,RightTroll,82
ANFRAIZER,RightTroll,82
AMYMUSICLL,RightTroll,82
DOUGGIEMAESTAS,RightTroll,82
WECONQUERWORLD,RightTroll,82
AN_N_GASTON,RightTroll,81
AMAMCAMCAM,RightTroll,81
BRONICKIJEWEL,RightTroll,81
VANWHITEBIRCHN,RightTroll,81
HOWMARCELLA,LeftTroll,81
STANLEY_SPIVEY,Unknown,81
GERTY_HAWA,Fearmonger,81
ELLAWONDERGIRL,RightTroll,81
GRACIE_____55,Unknown,81
NOTHING8SPECIAL,RightTroll,81
ALIZASSHIELD,RightTroll,81
RONICK_KK,RightTroll,80
BAYOFTAMARA,RightTroll,80
BETTERTHANYOU_U,RightTroll,80
KEVINNOTBROOKS,RightTroll,80
LARAPALMER23,LeftTroll,80
HEYITSGLOR,RightTroll,80
KIRSTENLADANIEL,RightTroll,80
DEBRA_STERN_,RightTroll,80
KYLES0CCER,RightTroll,79
MAD_BENJAMI,Unknown,79
AN_NA__AN,RightTroll,79
PAMPAMONEIL,RightTroll,79
JAMIESAMY,RightTroll,79
VICKYLOVELYG,RightTroll,79
MAHAFFEYSUSANN,Unknown,78
CAM_EVSSS,LeftTroll,78
TESSSFINN,RightTroll,78
AMELCREECH,RightTroll,78
KARL_SUMMERS,Fearmonger,78
MMORENOK,RightTroll,78
IRA_COMBOMB,LeftTroll,78
PLSCALLMEABBY,Unknown,78
JEROMYJEROM,RightTroll,77
ARGENTINACATLE1,LeftTroll,77
WINST_MARTIN,Unknown,77
DEREKDEREKCL,RightTroll,77
CAR_REMS,RightTroll,77
ODANNY_THEBOY,RightTroll,77
SPUNTMELODY,Fearmonger,77
SOSEANBEARD,RightTroll,77
ANITABR1994,RightTroll,77
TAMI8569,Fearmonger,77
BISHOLORINE,RightTroll,77
DUBOSEBELIKE,Unknown,77
BENNEDICT_KL,RightTroll,76
DENISEDENNDEN,Fearmonger,76
DELORESP00LE,RightTroll,76
RUSSODECLAN,RightTroll,76
ZHI_YUE_,RightTroll,76
JOHNS_GAVIN_,Fearmonger,76
CASSONDRATRUDE1,RightTroll,76
JMCD0WELL,RightTroll,76
JAYNELLSELTZER,RightTroll,76
RENALDOKYROU,RightTroll,75
CARSONYEARLY,RightTroll,75
MALLBOWEN,RightTroll,75
HONEYBOBOOBOO,RightTroll,75
ANTHONYCANLASS,HashtagGamer,75
FUNKY_KAY1,RightTroll,75
IRONSMIRANDA,Unknown,75
IWOMAMYBB,LeftTroll,75
FISHERRRCALEB,RightTroll,75
RITTERTRA,Fearmonger,74
KAYY_CURTIS,RightTroll,74
LEBLANCPETER_,RightTroll,74
MEREDITHWOHL,RightTroll,74
_SOLOMONALBERT_,LeftTroll,74
AMIRAHPOPE,LeftTroll,74
BRIANNA_DENTON_,RightTroll,74
ITSDEREKMOR,Unknown,74
1ERIK_LEE,RightTroll,74
KADENMCCRAY,LeftTroll,73
BROOKEDOZZIER,RightTroll,73
MARGIE__G,RightTroll,73
G__AHARON,RightTroll,73
BRITTANYLANE_1,RightTroll,73
BE_BRUTA_L,LeftTroll,73
BESSIECOOKSYOU,RightTroll,73
PEYRIDLEY,RightTroll,73
CONSUELABRUNAZ1,RightTroll,73
DER_RICKA,LeftTroll,73
JAIME_BOOO,LeftTroll,72
ASHLEY_KRI,RightTroll,72
OLLLLL_LLLLIE,RightTroll,72
DEREKKGREGORY,RightTroll,72
MARGARITASHIRAZ,RightTroll,72
FRANCESCADIAM,RightTroll,72
SUSANPETERSON_,Fearmonger,72
ERVIN_ALFORD,HashtagGamer,72
JAYCOBBRI,RightTroll,72
CALVIN_BARN,RightTroll,72
RYAN_BET,RightTroll,72
DJKATKATKATIE,RightTroll,72
FACEMECHASE,RightTroll,71
MARTINAFFF,RightTroll,71
BONDTONYB0ND,RightTroll,71
AMALIA_PETTY,RightTroll,71
EMMETTMTH,RightTroll,71
ALTMANBELINDA,RightTroll,71
JWOODS_MAN,RightTroll,71
ANISSNOVOTR,RightTroll,71
KARMAISABITCHH1,RightTroll,70
CHRIS_SIS_SIS,LeftTroll,70
NOT_MYHERITAGE,LeftTroll,70
SHUMITZUYOLO,Unknown,70
TERRIISTOOGOOD,RightTroll,70
DREEEEW1HUDS,RightTroll,70
MARIAHROOOSE,RightTroll,70
IBOCASID,Unknown,70
HENRIQUEZ_A2,RightTroll,69
MAGICMAGICWAND,RightTroll,69
DEVIN_YAT,RightTroll,69
LOGANLOGANSS,Fearmonger,69
NATH_ALMA_Z,RightTroll,69
VICKYROOOY,RightTroll,69
DORTHYSHARRER,Fearmonger,69
ADRI_LOW_R,LeftTroll,69
GINNAGINNAA,RightTroll,69
IVEY_MEXX,Fearmonger,69
CLAIRE_COURT_,RightTroll,69
BBHELGESON,RightTroll,69
OLIVIA1GB,RightTroll,69
DAN_SEL_LERS,Fearmonger,69
POWER_4LIFE,RightTroll,68
AYANNA__0,RightTroll,68
SAMMYDIXXXON,Unknown,68
TAN_BRAY,RightTroll,68
PORTER_2TYPE,RightTroll,68
CARMELMELLER,RightTroll,68
MATTHEW1STACEY,RightTroll,68
IM_MADELINE_,RightTroll,68
TEDCOOLASHELL,Unknown,68
ERNESTINEEALVAR,LeftTroll,68
_SHERYLGILBERT,RightTroll,68
AHOGAN_AM,LeftTroll,68
JENNAJENNKINS,Unknown,68
MIAONSEA,RightTroll,68
HUNGRYCELIA,Unknown,68
PABLOOPATTON,Unknown,68
TONYLYNNNNN,RightTroll,68
GOTRICIAG,RightTroll,67
BEETTYBECKS,RightTroll,67
VICTORIAMAXIMUS,Unknown,67
LOREENPAOLERA,RightTroll,67
BRENT_KENDRICK,Unknown,67
JAS_BAC,LeftTroll,67
ELIASAKAPARKER,Unknown,67
GEORGE_BENTLEY_,RightTroll,67
PARTYFORPATTY,RightTroll,67
THEGRANDTAYLOR,RightTroll,67
RIVKALANGE,Unknown,67
DANA_GARNER_ME,Fearmonger,67
TOMMYWATTSSS,RightTroll,66
BEGAYEVANGELINE,RightTroll,66
REALWATERLILYY,Unknown,66
MARYCARRY92,Unknown,66
GWEN_GARLAND,Fearmonger,66
CATKELLEY_,RightTroll,66
HIIMJOEBRYANT,RightTroll,66
SHERMUELLER,RightTroll,66
OHOHAHAS,RightTroll,66
HARRYMAGICIAN_,RightTroll,66
ONELOVEUNICORNS,Unknown,66
MEOFTHEWORLD,RightTroll,66
TT__NORTON,Unknown,66
OLIWAALERT,Unknown,66
PHILLIP_CHRIS10,RightTroll,66
ELMA_ELMAMA,RightTroll,65
GUIDILILLIE,RightTroll,65
DUNNOWHOWANNABE,RightTroll,65
LOLAPYKE,RightTroll,65
LILLYBOGGS,RightTroll,65
LITTLEBETTYY,Unknown,65
PERSSONSANDY,LeftTroll,65
DANIE_LLE_H,RightTroll,65
KYLIEMUSICIAN,RightTroll,65
KARI_DODSON,LeftTroll,65
BAKINGBEKKER,RightTroll,64
BIAANCLEESS,RightTroll,64
CASIE_LANG,Unknown,64
DONNIE_HERO_,RightTroll,64
KELVINKELKELVIN,RightTroll,64
MILAGROSVEVE,Unknown,64
CORNERGLOVES,RightTroll,64
ISA_BELLA_GR,RightTroll,64
DARNELLMATHISS,Unknown,63
ERNASHEPHARD,Unknown,63
DONALDOUCH,LeftTroll,63
NOAKSALVAN,Unknown,63
CATHERINECALLS,RightTroll,63
DONATELLOJACK,RightTroll,63
FREIDA_HW,LeftTroll,63
CUNEODOLORES,LeftTroll,63
NATHALYAPODACA,RightTroll,63
WONDERHANN,RightTroll,63
ACTIVEMIKR,Unknown,63
JOSEFASPANG,LeftTroll,63
JOSHUA_WOLFY,LeftTroll,63
JOYCE_JACKSON18,LeftTroll,63
JULIASEXYBECK,RightTroll,63
ANFINRUDSADIE,RightTroll,63
ANN1EMCCONNELL,RightTroll,63
ASHLEECOLLINSS,Unknown,63
SSABRINAHUH,RightTroll,62
FUKKKKHERR,RightTroll,62
KYLEBURRIT0,RightTroll,62
HERBERT_BACON,RightTroll,62
PAIGE_JAM,RightTroll,62
FRANCESCAVAND,Fearmonger,62
ANGELITHSS,RightTroll,62
BECCYWILL,RightTroll,62
BARELY_KIM,Unknown,62
STEPSTEP_HEN,RightTroll,62
LL0YDTHEKING,RightTroll,62
ROCKITJAN,Fearmonger,62
LIN1DIRECTION,Unknown,62
GEOREVIEWEUROPE,RightTroll,61
TYLERBOYERR,RightTroll,61
PETER_DOWNS_UP,Fearmonger,61
BELBELLOC,RightTroll,61
HOOPERIDA_,Unknown,61
LIANGBERTIE,LeftTroll,61
DEL_MCQUARRIE,RightTroll,61
IAMMONICABABY,RightTroll,61
EVANS_TAB,RightTroll,61
LORRY_COU,LeftTroll,61
WILLIETHELION,RightTroll,61
JEFFYDANIELS,RightTroll,61
KRISTIN_MARSH_,RightTroll,60
ALEXLOVESSHENNA,RightTroll,60
RUN_N_WIN,RightTroll,60
EMMA_FSSXX,RightTroll,60
FANNIEBRADLEY88,Fearmonger,60
LIZ_ZAL_,Unknown,60
DORARATCHET,RightTroll,60
4EVER_SUSAN,RightTroll,60
ALEXWARNINGU,RightTroll,60
BLACKPANTHER_TX,LeftTroll,60
BENDER_MEL,RightTroll,60
MARGARETMOAR,RightTroll,60
CARLOS_HNES,RightTroll,60
CHARLESDAILEY87,Unknown,60
BARRY_MILL,LeftTroll,60
SHANIA_TONEY,LeftTroll,60
CHANEUTRAL,RightTroll,60
ESTERBRIANG,Fearmonger,59
ESSIEBAILEY_,Unknown,59
ROBYNRHODE,Unknown,59
SONJAANDBRIDGES,LeftTroll,59
JOSHUASPENCE88,Unknown,59
ANITALOVEHEART,RightTroll,59
CAMERONJJJ11,RightTroll,59
ADELE_BROCK,RightTroll,59
JOHNMORGG,RightTroll,59
GAYLEHAPPYMOM,RightTroll,59
TAYLOR_PARKSY,Unknown,59
BALLLLWALT,HashtagGamer,59
GREINTRINA,LeftTroll,59
SHERLYMONMONC,RightTroll,58
KIRSTIEMNR,RightTroll,58
KENN_VILLA,RightTroll,58
VANESSA_A_LOTT,RightTroll,58
MOM_0F_TWINS,RightTroll,58
LEACH_4U,Unknown,58
TYLERBUCKBUCK,LeftTroll,58
SWEETKERRY54,Fearmonger,58
ASSUNCAOWALLAS,LeftTroll,58
ETTA_JHNS,Unknown,58
PEYTONM0DEL,RightTroll,58
TONYWILLDO,Unknown,58
GARRET_CANDICE,RightTroll,58
LUCKY_LEM0N,RightTroll,58
LAWRENCEDDDD,RightTroll,58
LARAHARRRRISON,RightTroll,58
KELBATT,Fearmonger,58
PRETTYSASHAH,RightTroll,58
ANN_HANAH,RightTroll,58
ZION_FRAZIER,RightTroll,58
MARKOSVINES,LeftTroll,58
MARIAOFSTEEL,LeftTroll,57
COLLY_MICK,RightTroll,57
ABELLABAB,LeftTroll,57
DOMM_CLAYTON,Unknown,57
MOJOYOMAN,RightTroll,57
YOURLOVELYCAROL,RightTroll,57
ERICKWALTT,HashtagGamer,57
JULIANNA_YES,Fearmonger,57
BERTHADAVIDSON_,Unknown,57
JAMIE_DIVER_,Unknown,57
SHEENA_RING,Fearmonger,57
GREG_GREGG_,LeftTroll,57
CHARLENE_TIMMO,RightTroll,57
RYANAMBISHOP,RightTroll,57
DARLENEKING_,RightTroll,57
ANTHONYCARTR,LeftTroll,57
FRIEDADAISY,RightTroll,57
TERRANCEPATIENT,LeftTroll,57
DIAMONDSL0VEME,Fearmonger,56
CLAY_NELS,LeftTroll,56
DANIELLETAWN,RightTroll,56
NIGHTGETSLONGER,Unknown,56
ADDIE_HOL,RightTroll,56
CH1ESTHER,LeftTroll,56
RAGLAND_LAND,Fearmonger,56
SABSABRIBA,Unknown,56
STINSON_SS,RightTroll,56
EDLEYIMOGENE,RightTroll,56
TONY_MAY_,Unknown,56
JACKIECOWBOY,LeftTroll,56
KL_SPEN,RightTroll,56
JIMYLEVY,Unknown,56
LORENAISHOT,Unknown,56
MISTERBRIDGES_,Unknown,56
METSTHEBEST,RightTroll,56
BRANDIHAGROVE,RightTroll,55
FREDYTHECREATOR,Fearmonger,55
JERALDWOOW,Unknown,55
HATTIEB78,RightTroll,55
CODYRANDAL1,RightTroll,55
MALKA_ESSS,Unknown,55
ARIELSHINING,RightTroll,55
MARIO_CO_WAY,LeftTroll,55
BERGERJAMIE75,RightTroll,55
AARONALLENALL,Fearmonger,55
SIENNASMM,Fearmonger,55
LOVELYBEE_ME,Unknown,55
HERNAMEWASNANCY,Unknown,55
MELISSAYESIAM,Fearmonger,55
ARNOLDPARRK,Fearmonger,55
AYDENBOSTON,LeftTroll,55
KISSKISSDEB,Fearmonger,55
PARISGAAAAAY,LeftTroll,55
SUTTON_TWEET,RightTroll,54
WILLIE_BIGN,Fearmonger,54
ALBERTA_HAYNESS,RightTroll,54
SHEILA_SHH,Fearmonger,54
JOHNBENBENTON,LeftTroll,54
ELBERTBOOM,Unknown,54
STACEWATERS_,Unknown,54
IRENEMCCANTS,RightTroll,54
RICHARDMALMAL,RightTroll,53
1D_NICOLE_,Fearmonger,53
GL_WORKMAN,Unknown,53
CHEYENNE_ENG,RightTroll,53
JUSTBE_MINE,Fearmonger,53
TOLLIVERSTEPH,Fearmonger,53
AMIRAFERRR,Unknown,53
ITSMONAMUUA,Fearmonger,53
LOU_GALLOWAY,Fearmonger,53
OHREALLYASHLEY,RightTroll,53
JESSEJYM,Unknown,53
MARTINES_TWEETS,Fearmonger,53
PATRICK_CLAYN,LeftTroll,53
SHANNONGIBSONIM,Fearmonger,53
ABRAMSREBEKAH,Unknown,53
KENNYGRATHAM,Fearmonger,52
CIARALOVEVE,Unknown,52
BARELYBARBOZA,Fearmonger,52
GUY_WHOMAKEIT,Fearmonger,52
SHERMAN_CN,Fearmonger,52
RACHELRAY1203,Fearmonger,52
BYERS_WAY,Unknown,52
ORIGINOFKATY,Fearmonger,52
DEELOCKMAN,RightTroll,52
KIRBYTHEFAMOUS,Fearmonger,52
CALVIN_YEK,Fearmonger,52
RADEKESOFIA,Fearmonger,52
SARAHTHHHH,Fearmonger,51
MARLEY_SHN,Fearmonger,51
BOBBYCHANDLERR,Fearmonger,51
EVANNOTMCGREGOR,Fearmonger,51
TOMAS_DANE,Fearmonger,51
SHANNYZZZZ,Fearmonger,51
WILEYWORKOUT,Fearmonger,51
DWIGHTB0ND,Fearmonger,51
WILLLLIBROWN,RightTroll,51
AESPARZZA,HashtagGamer,51
D_ANDRE_AUSTIN_,Fearmonger,50
INA_MALONE,Fearmonger,50
DUSTINCOOOL,Fearmonger,50
ZZARACROSS,Fearmonger,50
ALEXISFOXIE,Fearmonger,50
JEREMIAH_JAH,Fearmonger,50
ERTMANGRETA,RightTroll,50
SOUND4BOYZ,Fearmonger,50
TEDSANDERSS,Fearmonger,50
JESSEHEATH86,Fearmonger,50
RAFESAYIED,RightTroll,49
ARTEMSSFE,RightTroll,49
PLAT0V,Unknown,49
SERENITYSANFOR,Unknown,49
SHAYLAGARRETTT,Unknown,49
ALW_ILL,RightTroll,49
DAM0NSPENCER,Fearmonger,49
ABIGAILCALLME,Unknown,49
JJ_WALSHJ,Fearmonger,49
GRACELILSTAR,RightTroll,49
RODDPHILLIPS,Fearmonger,48
ADRIANAMFTTT,RightTroll,48
WALTER_HEY,Fearmonger,48
JIMTHURMANN,Fearmonger,48
TRISTAN_RICHMAN,RightTroll,48
PHILLIPCARRR,Unknown,48
IBETYOUWILL,Unknown,48
ALMOSTSAINTGIRL,RightTroll,48
NEVER2MUCHBASS,Fearmonger,47
KENNETGREG,Unknown,47
ADELINE_GS,Unknown,47
COLLEEN_FRN,Unknown,47
AMALIAHULICK,Unknown,47
HEREANDTHERE_,Unknown,47
TAMMY_TAMH,Fearmonger,47
AUSTINLOVESBEER,RightTroll,47
DOYRANDO,Fearmonger,47
_GRANDMARCO,Unknown,47
ALFNEWDAY,Unknown,47
NATHAREID,Fearmonger,46
AAASSSSSHHH,Fearmonger,46
SSUS_PANTHER,RightTroll,46
ARIANNA_PER_RY,Fearmonger,46
KALIYAH_RRS,Unknown,46
AVEREGEANNA,LeftTroll,46
KATHYDITMAR,Fearmonger,46
JOSHCARSSON,Unknown,45
MEMYSELFHAILEY,Unknown,45
MITCH_LLLYNCH,Fearmonger,45
LNEVER_MINDL,Fearmonger,45
ORVILLEMOMMY,Unknown,45
EVELYNSHALL,Unknown,45
ANGISDOOYL,RightTroll,45
DYBAIGWEN,Fearmonger,44
CHRISTINACRISSS,RightTroll,44
KENDRAGRRR,RightTroll,44
GAB_ARTEA_G,Fearmonger,43
STRICTGRACE,Fearmonger,43
SOLANO_KI,Fearmonger,42
SIDNEY_RIV,Unknown,42
DANTE_FISH,RightTroll,42
LUKE_RUBIA,Fearmonger,42
GRAYS0NWILDE,Fearmonger,42
SUNSANB,Fearmonger,42
BLACKERTHEBERR5,LeftTroll,41
SARAH_GIACO,HashtagGamer,41
CHRIS_SOLO_RIO,Fearmonger,41
TERESA_BOY_LE,Fearmonger,41
PRUITT_LI,Fearmonger,41
ROB_COWMIL,Fearmonger,40
NORMAN_HOOPER,Fearmonger,40
LAURA_INSON,RightTroll,40
TERRYBEVER_LY,Fearmonger,40
CINDYBOBOBOB,Unknown,40
BILLMCINTOSHH,Unknown,40
TEDCHOCKHOLDER,Unknown,40
DD_MERR,Fearmonger,39
BLACKUNITYMARCH,LeftTroll,39
CHRISCHRISCHCH,Fearmonger,38
_LUKAS_BRIGGS_,RightTroll,38
BENJAMINBALLL,Fearmonger,38
EAZON_TRAP,Fearmonger,37
LANCE_FREED,Fearmonger,37
CECIL_HAYS,RightTroll,37
ERIKADIXONLOVE,LeftTroll,36
FLOYDSWENSON555,Fearmonger,36
FREEDISCUSS,RightTroll,35
ITSREALROBERT,Fearmonger,35
SCOTTRAPWALTON,Fearmonger,35
ELMERWAYNEE,Fearmonger,34
BERRNICTRR,RightTroll,33
MIC_REEZE,Fearmonger,33
ARISGRAYS,RightTroll,33
ARTHCLAUDIA,Fearmonger,32
AZIIZ_HADITH,Unknown,32
KEVINKEVSCOTT,Fearmonger,32
CHEESE_MONAY,RightTroll,29
NOTMYHERITAGE,LeftTroll,27
DARKNALLY,NewsFeed,26
MBROWNHERE,LeftTroll,26
EISSYT56T,RightTroll,26
ROBIN_MC_CALL,Fearmonger,26
GLOED_UP,LeftTroll,25
SHINEPHILLIPS,Fearmonger,25
RONALDALLLEN,Fearmonger,24
AU_NORTON,Unknown,24
ASWWIMMORRIS,RightTroll,23
YOLOBUHURTO,Unknown,22
APRRILSBRUSS,RightTroll,22
NEVICHENKO,Unknown,21
BLK_VOICE,LeftTroll,21
OWENYWADE,Unknown,20
FUUNCAKE,Unknown,19
BEN_SAR_GENT,RightTroll,19
RAUL_STON,Unknown,19
JUSSLILSTONER,LeftTroll,17
JOEDOLTON,Unknown,17
MAORBRIGHTIE,RightTroll,17
STOPBRUTAL,LeftTroll,15
ANGELISTRR,RightTroll,15
MONEYFORM,RightTroll,15
RIMAMUHAMMAD2,Unknown,15
666STEVEROGERS,Unknown,14
AMIRICANWILL,Unknown,14
JSHMRTNEZ,Fearmonger,12
NATATURN,LeftTroll,12
RYANESWEENEY_E,LeftTroll,9
TARAFORMA,Unknown,8
ANDREWHEDDD,RightTroll,8
FAIRYMINKY,Fearmonger,8
ALAXXATR,RightTroll,7
ALEXXDRTRR,RightTroll,7
SAMANTHAWOW,Unknown,6
MARIECARLLLOS,RightTroll,6
KHALEDBAKRI7,Unknown,6
ALANISSTRS,RightTroll,5
PIRELLIGINA,Unknown,5
WATSONTAYTAY,Unknown,5
TATIANAMAXTV,Unknown,4
KELVSOK,RightTroll,4
HICKEY_SETH,RightTroll,4
MARLA_XTIAN,Unknown,4
KATYHANSEN19,Unknown,4
MARIATRUMPT,RightTroll,4
TRUENEUTRAL0,Unknown,4
DAN_J_SHAFFER,Unknown,4
NKEERPEN,Unknown,4
JIHADONIGNRNC,LeftTroll,4
JOHAN_NIGEL,Unknown,4
STEPHANIETHEJAD,LeftTroll,4
COLJASON94,RightTroll,4
NEVERLIET0ME,NewsFeed,3
SHEENA_OTT,RightTroll,3
JASONIRINA1,Unknown,3
CHELSSJOHNT,RightTroll,3
SILENT_JENNA,Unknown,3
JOANNHARREL,Unknown,3
BRIISTATRRT,RightTroll,3
MUHMUHSAL1,Unknown,3
CHILOUTANDLEAVE,RightTroll,3
ABOUTPOLIT,LeftTroll,3
EVEGREENE88,LeftTroll,2
GAGYSOKEFUV,Fearmonger,2
JACKFAIRY1,RightTroll,2
LOLA_AYERS_,RightTroll,2
DEBORAH_NORRIS_,RightTroll,2
DEALWITHWEIRDOS,Unknown,2
HERON_ANDREA,Commercial,2
IJOHNKIMBLE,RightTroll,2
BLAKERIVERAI,Unknown,2
JAMALMUNAKE,LeftTroll,2
BEAUTYMERCELA,RightTroll,2
MILENAKROSS,Unknown,2
JASSMOORE11,Unknown,2
MAYS_ARIELLE,Unknown,2
FLAGFLANAGAN,Unknown,2
ALLBERRTOSS,RightTroll,2
ANDSBXX30,Unknown,2
IBRAHIMNOOH132,NewsFeed,2
AVRYLSTEWART,RightTroll,2
RIKKIRI1,Unknown,2
GLADADILA,Fearmonger,2
ANGEELISHET,RightTroll,2
BLACKGIRLS2017,LeftTroll,1
CIDUQUVN,Unknown,1
HMZAMAHMUDHAM,Unknown,1
MARIAKOKOSHKINA,Unknown,1
ROOFMIC,Unknown,1
LILY_LEW1,Unknown,1
PIMENOVMICHAEL,Unknown,1
NOREEGOLDMAN,Unknown,1
HABDARRAHMAN4,NewsFeed,1
ISABEL_STAFF,RightTroll,1
ERICAANDSSN,Unknown,1
2NDHALFONION,RightTroll,1
EMILLLYSTRU,RightTroll,1
STEPEFIMOV,Unknown,1
NEWS24EN,NewsFeed,1
ABMERRLINS,RightTroll,1
MARTYNOV_NIK,Unknown,1
HAMZA24MOHAMME1,NewsFeed,1
GARRETTHESHADOW,RightTroll,1
ALESISTRTT,RightTroll,0
TZENIWURAOLA,Unknown,0
GURGENALEEN,Unknown,0
LAUREL_LORENS,Unknown,0
MAYERS_STEFANY,Unknown,0
ALESSIAWILLSON,RightTroll,0
VIOLAASTRT,RightTroll,0
ALEMICHLESS,RightTroll,0
VINZEYUSS,Unknown,0
BEELLASTRTT,RightTroll,0
VIADSNTR,RightTroll,0
LAURENBURTONS,Unknown,0
ALEESATRS,RightTroll,0
AGNESSTRYT,RightTroll,0
ALAXXATRT,RightTroll,0
ALBELITATRTS,RightTroll,0
BONIIISTP,RightTroll,0
ADLEESTTT,RightTroll,0
AGNESMLTRT,RightTroll,0
SCARLETTHOWAR15,RightTroll,0
SAVAJENAT,RightTroll,0
NATTATRT,RightTroll,0
NEGROKEEDY,Unknown,0
HALIALHASHIMI,NewsFeed,0
NEWYAHSHUAH,Unknown,0
MUSAABJUVYLYN,Unknown,0
MUPU26,Unknown,0
AARON_M1TCHELL,Fearmonger,0
ABBYLOPTRT,RightTroll,0
MUHAMMADHUSS69,Unknown,0
HAMIDMANSOOR123,NewsFeed,0
ABISADMASST,RightTroll,0
ELLISSTRT,RightTroll,0
ACHSAHORKHAN,Unknown,0
MORRGASSSTR,RightTroll,0
ADALESTRTM,RightTroll,0
SCARLEESTRUT,RightTroll,0
DNT_SHOOT,LeftTroll,0
ADELIINESTRT,RightTroll,0
OI_DICKO,Unknown,0
EVASSLTRT,RightTroll,0
ADELISTRTT,RightTroll,0
DEON_LIEW,Unknown,0
ADLEESWOD,RightTroll,0
WHATSUPPPADAMS,Unknown,0
WAZEME_ZINA,LeftTroll,0
AGAINUKRFAKE,Unknown,0
PARKISALN,RightTroll,0
HANNAHALLL,Unknown,0
JAAMISSTR,RightTroll,0
MALIKALMURAD12,Unknown,0
STASCYTR,RightTroll,0
CDAVISA20,RightTroll,0
KIRILLANDY,Unknown,0
MADIADATRT,RightTroll,0
MAKAYLABUTLER13,RightTroll,0
ARIELLE_BROWNIN,Unknown,0
RACHLEESTRMT,RightTroll,0
SEREESSTT,RightTroll,0
CHAYKA_CHELSEY,Unknown,0
BAMBISMUT,RightTroll,0
PUNNAYOANDRA,Unknown,0
HARRYLEVVIS,Unknown,0
SYLVIE1FREEMAN,Unknown,0
APRIILDTRUT,RightTroll,0
RAYLEENNEELAM,Unknown,0
RAYMAN_ANDY,Unknown,0
CARREDTRT,RightTroll,0
GASOLINEBECKER,RightTroll,0
LUSCBELYST,RightTroll,0
REBEESLYSS,RightTroll,0
CAMILLITIXTOPS,RightTroll,0
RELIISTRT,RightTroll,0
SPARKSDANS,Unknown,0
LUCEELYSTOP,Unknown,0
AVEERTEST,RightTroll,0
BROOZLEETR,RightTroll,0
SOSNOVSKYANNA,Unknown,0
LOSSDAYTR,RightTroll,0
KOTZZZLOVRED,Unknown,0
SKYYLASRRT,RightTroll,0
BAAILST,RightTroll,0
CHHOLESSSTR,RightTroll,0
HISLAATRM,RightTroll,0
MANDDSYSGOSS,RightTroll,0
AMBERDAVV,Unknown,0
FAKEVIDEO17,Unknown,0
DANNIILST,RightTroll,0
GREGFRANKLIN030,Unknown,0
TRINITTXS,RightTroll,0
DALLAS4COPS,RightTroll,0
CTHUNO,Unknown,0
CORNELLJULIEAN2,Unknown,0
MARLENIZZTRT,RightTroll,0
HAYDELYYST,RightTroll,0
ILSOLOVYOV,Unknown,0
MARIRLTR,RightTroll,0
LAREELIZT,RightTroll,0
AMBAASTRT,RightTroll,0
AMBBERTHTT,RightTroll,0
GREENMONIKA6,Unknown,0
CHISTISSST,RightTroll,0
LILYYTYY,RightTroll,0
AMYYSSTS,RightTroll,0
AMYYTHOSSMA,RightTroll,0
ANEELSSTRT,RightTroll,0
THAASLITT,RightTroll,0
HARERETRT,RightTroll,0
PIPERTRTR,RightTroll,0
ROSSRICHRDS,Unknown,0
KAYYLYSST,RightTroll,0
HUMPHREYALESSIA,RightTroll,0
TAYYSSTRUT,RightTroll,0
LAMARMUTANT,Unknown,0
LIZZBETTRR,RightTroll,0
FREEJEROMESMITH,LeftTroll,0
LEIMILLERS,RightTroll,0
